78,48,69,33,41,43,70,30,67,35,36,23,38,36,45,23,29,44,48,24,68,54,43,39,28,16,44,44,25,77,25,67,32,34,33,35,34,153,108,211,130,132,72,55,47,50,33,47,153,512,622,760,569,544,596,453,437,496,433,383,389,460,336,274,231,160,76,27,51,64,47,23,29,22,24,24,23,33,116,149,123,135,96,45,48,21,53,45,41,23,122,372,483,551,478,419,326,126,56,23,27,47,48,79,43,56,43,45,190,359,362,378,565,448,447,372,439,390,427,425,402,275,309,204,115,63,56,80,88,35,62,91,64,52,48,60,44,36,48,165,250,260,210,232,226,155,199,188,157,164,152,162,118,117,149,76,141,74,74,175,100,73,60,66,85,55,103,55,93,42,53,54
40,87,25,31,51,35,38,62,24,38,45,21,22,42,26,78,19,44,28,16,40,16,27,22,32,34,35,49,18,27,31,35,17,50,74,66,70,83,62,62,59,76,46,207,329,481,534,746,629,669,532,564,450,469,352,402,337,294,260,264,121,63,27,26,50,23,27,40,26,46,36,48,26,48,215,199,215,108,108,90,68,32,38,17,31,25,31,56,364,490,517,406,148,132,72,48,57,45,53,70,40,51,32,35,73,340,346,439,567,582,566,464,430,524,508,467,512,433,303,335,273,144,52,53,57,62,34,42,37,50,60,56,30,62,54,60,168,256,228,200,214,188,197,181,124,112,152,122,155,152,93,123,149,82,41,98,39,52,92,81,56,75,80,36,44,34,30,21,68,27,48,20
25,34,14,30,23,78,70,28,21,40,49,38,57,48,45,35,22,43,27,27,54,61,25,126,58,79,90,39,63,61,78,36,42,34,46,48,28,230,375,445,503,504,383,354,322,304,288,264,267,337,322,315,318,301,240,147,66,19,32,52,60,47,60,58,42,49,33,46,52,138,359,291,176,186,141,104,57,62,36,27,41,50,69,58,45,95,342,465,491,407,333,121,62,53,52,57,64,55,90,46,59,66,67,34,90,388,416,446,543,579,529,498,486,552,529,522,515,416,298,222,85,69,85,39,52,102,83,50,58,60,57,66,85,53,80,56,217,214,174,184,153,200,162,107,138,112,102,93,163,133,49,167,45,44,51,87,91,38,41,42,49,53,42,29,59,28,44,56,70,62,40,60
53,59,56,52,49,51,57,53,58,38,50,67,43,43,28,24,30,38,32,32,41,31,41,53,40,43,56,46,34,27,60,24,64,65,40,42,64,31,53,51,71,58,45,45,67,62,55,51,39,70,42,64,44,90,78,91,86,54,41,47,79,174,372,426,477,545,551,472,551,435,427,489,451,421,181,265,217,139,40,22,37,38,53,17,30,65,19,57,137,313,257,135,119,118,108,94,66,50,51,53,44,38,118,452,562,510,396,195,155,136,50,30,33,24,31,32,20,57,33,50,67,376,395,454,405,479,453,423,509,458,566,410,333,301,141,112,66,48,73,55,69,65,43,42,38,44,32,49,42,46,176,302,258,279,284,218,194,184,194,176,154,149,144,179,83,160,139,129,68,134,64,129
32,45,40,39,69,51,34,65,33,23,20,45,23,39,32,35,23,23,32,15,22,21,42,15,30,22,107,72,102,112,45,56,41,46,41,51,96,254,398,463,540,615,569,547,517,475,377,386,372,328,289,255,242,228,171,51,42,31,28,38,65,35,46,67,48,50,60,55,172,151,154,111,104,112,79,90,82,33,32,79,160,326,356,382,370,271,131,134,63,37,34,49,49,62,63,29,34,35,40,205,365,410,493,469,495,499,528,422,394,414,367,366,210,147,35,60,25,53,20,34,33,40,52,43,32,21,59,37,48,46,57,154,184,204,171,173,188,108,109,214,200,102,144,145,126,145,43,103,140,61,172,70,42,80,59,81,53,53,102,37,27,24,35,41,47,28,22,42,19,74,60,36
47,47,67,91,41,49,114,40,53,34,37,45,77,31,54,42,34,40,65,55,54,24,69,44,68,54,60,106,42,62,61,48,97,371,381,507,598,639,524,493,435,440,399,341,376,183,209,251,139,96,34,37,59,30,61,44,48,22,34,28,27,226,244,220,153,135,125,132,74,51,39,40,32,88,180,291,474,449,504,391,174,63,70,45,38,41,44,80,52,40,43,34,57,266,420,431,486,639,545,591,520,443,497,494,419,462,369,274,212,88,50,45,32,42,44,29,41,52,38,41,51,40,40,41,131,166,192,165,174,150,151,108,108,164,73,100,106,31,102,112,51,121,76,173,93,79,95,130,83,119,59,60,117,71,29,46,29,52,24,58,60,44,49,23,15,25,24,36,36,25,58,30
61,79,96,102,85,94,70,59,65,40,65,42,54,34,44,24,39,53,50,58,59,47,55,52,57,43,66,82,49,61,106,76,89,104,101,53,58,91,55,66,267,425,507,488,569,510,563,515,531,368,502,512,478,461,339,268,292,171,62,63,52,90,25,49,42,23,41,30,73,27,94,256,253,174,91,101,116,127,31,53,51,32,30,29,176,410,618,707,521,381,142,48,51,41,43,31,58,39,62,44,30,42,43,144,320,418,378,394,379,331,361,383,355,358,365,233,150,63,35,44,32,37,77,41,32,49,27,38,26,22,44,34,71,203,217,192,186,121,130,119,143,114,178,131,97,115,134,143,111,109,160,114,72,90,54,110,17,58,45,28,39,47,78,42,36,35,64,60,36,24,75,58
102,26,28,33,51,24,58,77,22,27,41,23,34,31,25,26,25,49,41,43,60,26,48,43,37,60,46,95,70,73,41,42,52,43,33,46,73,84,82,72,43,59,48,64,85,224,398,532,537,617,507,570,595,492,534,639,375,274,299,199,159,101,45,53,44,58,87,36,54,40,75,69,101,170,243,95,92,56,87,80,41,128,108,71,45,196,406,424,347,115,149,133,87,55,34,56,61,53,102,127,79,59,79,98,271,355,523,589,564,547,559,431,338,503,461,422,333,325,157,93,84,77,76,79,66,80,69,48,66,51,37,37,29,56,97,202,250,206,198,175,188,153,116,163,82,127,40,107,53,114,46,87,75,41,107,122,42,35,41,78,68,99,77,71,51,76,43,69,26,22,29,17
34,28,29,30,25,27,39,30,68,44,22,37,26,32,28,40,28,31,21,32,59,24,29,18,18,34,50,53,19,33,43,49,41,58,58,53,52,53,57,51,65,106,65,68,36,47,96,85,224,365,519,562,697,648,622,436,397,390,292,269,240,273,256,156,141,100,36,34,28,30,40,20,24,20,28,93,356,494,338,296,179,189,170,124,49,50,37,12,34,26,48,172,496,432,441,352,195,96,37,37,43,52,56,51,64,46,53,68,354,341,411,477,456,454,426,395,445,411,367,329,349,273,190,85,33,36,23,32,51,57,41,25,32,41,36,23,21,57,142,234,227,209,189,166,86,129,137,119,165,73,101,132,127,85,123,154,33,31,55,123,55,32,10,42,38,22,17,17,19,38,42,37
55,13,21,37,36,47,24,34,47,20,29,17,36,16,21,17,21,25,45,17,29,44,9,23,22,32,21,30,95,40,68,64,61,65,57,82,44,231,444,543,648,645,739,579,529,458,435,466,487,298,282,268,256,167,89,57,43,29,79,30,87,36,86,60,77,239,260,222,181,120,87,59,46,47,67,32,28,43,66,260,510,613,577,510,317,194,97,32,43,26,61,54,49,41,66,69,53,239,390,464,432,397,400,445,421,371,407,349,401,317,223,164,91,54,34,64,39,44,51,52,37,36,36,32,34,49,51,265,191,126,158,173,169,142,152,141,171,124,111,111,143,196,70,88,180,64,87,99,42,41,88,71,69,80,65,36,37,33,51,39,43,36,48,32,41,39,44,47,26,51,39,55
34,61,32,43,42,44,34,32,45,63,72,49,40,60,46,34,37,44,44,51,52,24,46,50,33,29,45,60,34,40,104,40,72,136,132,63,58,76,40,74,88,60,250,502,471,525,626,662,588,446,432,446,307,296,294,250,249,159,124,47,54,40,41,27,56,39,52,57,51,41,70,169,315,295,179,160,135,124,207,155,66,38,34,82,177,324,420,445,439,322,179,149,93,43,58,48,48,49,72,65,49,39,32,59,202,449,468,515,454,438,474,448,519,471,529,412,296,267,281,90,104,93,66,83,53,68,55,79,72,79,50,54,42,30,46,162,245,226,201,195,211,189,170,195,166,93,155,157,149,161,148,120,116,105,105,80,69,93,64,96,54,105,78,38,59,42,33,39,48,46,21,39
24,42,41,21,59,63,50,26,31,18,24,34,19,17,20,25,21,34,16,36,17,24,55,20,51,24,15,19,53,7,17,11,22,13,20,12,28,68,61,75,83,57,123,63,54,29,65,235,323,373,581,734,696,628,504,635,597,548,518,406,189,276,241,172,102,51,74,38,43,70,31,31,52,58,66,39,37,107,156,150,86,108,83,91,77,66,54,31,28,82,123,248,308,503,598,523,447,251,108,38,30,21,16,48,41,34,40,21,24,24,159,413,430,450,366,405,456,426,455,419,424,342,253,137,48,60,51,62,63,45,37,22,40,83,26,25,47,69,57,53,60,156,219,192,236,194,203,129,159,135,89,94,101,56,126,67,114,110,37,85,148,59,93,63,61,45,51,43,27,38,21,28
30,89,51,70,64,61,44,54,63,59,73,73,55,47,45,73,80,48,35,22,55,41,28,53,70,71,64,48,87,59,66,108,107,115,120,159,102,88,71,63,249,409,332,504,513,619,431,361,357,386,420,384,408,268,239,312,215,119,55,67,55,55,44,47,39,38,41,67,75,58,314,423,428,374,235,138,101,82,50,64,63,53,91,85,56,73,178,433,475,418,390,289,104,77,63,51,56,69,44,69,52,56,99,379,368,448,548,539,501,458,504,475,470,410,394,332,371,271,294,284,177,109,57,38,58,69,37,42,69,60,61,60,58,85,106,62,51,176,158,139,176,140,126,146,60,104,109,70,80,28,105,96,78,95,131,67,148,60,66,88,35,44,43,76,54,47,47,56,92,53,35,18
33,54,45,39,39,65,50,33,53,54,26,25,93,47,79,33,41,31,36,65,55,41,39,56,36,25,58,51,12,22,18,24,57,46,12,32,27,45,68,25,53,82,90,97,75,50,34,41,87,313,531,647,596,569,500,521,524,490,326,294,269,344,185,99,69,49,53,39,29,36,24,25,25,36,20,40,30,109,171,117,101,105,114,94,55,38,40,36,25,23,20,241,432,401,402,309,133,196,486,55,137,13,227,81,46,69,63,53,41,76,376,343,418,521,453,456,433,298,463,458,444,402,316,250,145,66,63,51,44,56,36,85,40,68,95,67,86,73,51,80,125,226,172,197,149,187,183,136,152,111,143,107,162,100,102,144,41,128,111,111,134,92,74,62,69,61,82,44,40,45,25,13
54,23,37,24,60,52,25,31,65,49,70,31,22,46,22,28,19,30,26,18,45,28,27,15,64,22,39,32,24,24,31,43,77,29,103,48,58,55,49,47,58,26,151,487,487,572,640,579,454,391,284,299,487,276,282,275,219,236,217,147,72,40,44,36,55,88,99,123,109,111,74,145,267,199,111,115,112,106,61,84,122,196,169,125,53,315,493,441,368,208,148,338,594,271,69,106,177,42,48,101,84,65,77,102,438,530,491,587,515,457,409,443,353,388,351,271,213,133,28,57,45,50,39,40,43,75,39,50,46,37,40,57,71,167,203,135,147,144,162,150,88,180,63,105,166,30,119,58,103,36,41,126,127,113,72,80,106,97,74,67,70,82,41,17,22,40,19,27,32,28,13,17
33,38,25,28,31,24,25,17,38,21,27,47,24,16,28,12,27,14,31,45,58,49,93,34,17,19,21,40,17,25,42,17,19,32,20,31,26,17,27,37,44,51,21,49,103,150,94,59,101,42,41,44,86,318,330,526,609,718,653,458,546,564,417,343,191,200,193,117,93,48,52,61,42,37,50,38,59,23,34,44,24,151,204,114,112,93,66,94,84,56,53,35,23,112,233,381,442,507,418,323,159,64,27,29,27,22,49,43,73,28,61,26,159,426,418,405,463,410,390,385,372,401,398,351,323,242,153,69,59,62,38,65,54,29,39,45,48,79,67,76,28,61,196,204,125,148,135,144,148,150,102,95,90,84,163,110,103,64,111,135,51,81,142,71,89,79,67,43,51,35,38,42
32,47,68,49,58,63,46,48,71,59,69,88,78,38,52,65,61,64,40,70,60,68,74,89,100,123,107,108,76,84,62,50,58,300,453,562,692,532,747,552,523,541,531,380,365,406,277,283,289,139,126,80,66,41,29,47,35,50,47,504,492,197,205,418,374,329,290,248,167,236,168,138,154,167,170,209,305,471,549,476,450,408,181,124,87,101,98,109,120,108,104,83,90,94,269,374,472,638,555,502,455,473,526,508,507,469,296,195,87,51,103,49,62,22,24,45,26,50,55,62,26,50,57,140,257,247,216,178,164,82,120,115,55,136,68,107,73,126,56,42,109,46,42,50,99,30,50,54,76,64,52,36,55,38,36,65,62,70,45,53,53,62,87,121,98,70,76,53,39,31,57,32
45,21,59,32,22,23,53,38,32,69,25,22,49,10,24,42,38,45,50,51,30,38,37,36,25,19,19,27,57,22,16,30,31,43,40,38,61,108,55,61,92,77,116,83,157,311,390,440,494,475,692,708,747,671,554,588,525,548,422,342,261,222,132,117,83,58,39,54,22,33,50,39,35,214,429,369,384,251,175,116,116,102,29,71,49,35,45,33,225,473,470,415,380,150,103,110,31,50,62,55,47,82,49,43,187,381,404,463,534,483,487,449,413,490,411,467,464,323,316,189,110,68,70,46,36,46,48,39,40,17,40,40,73,27,139,220,222,163,274,170,156,172,168,160,121,66,117,103,117,130,41,96,97,120,46,38,40,79,31,40,78,24,39,48,25,25,25,54,33,43,49,71
39,79,35,70,45,38,52,31,32,30,20,29,35,57,33,49,44,23,40,17,23,33,38,58,27,39,25,54,39,59,55,58,44,39,28,30,42,43,21,44,51,51,35,76,89,180,61,114,88,56,61,41,34,61,244,415,537,695,526,513,449,395,275,259,303,286,232,178,225,106,86,142,69,39,27,47,65,53,49,57,78,42,153,376,550,405,280,214,170,135,175,75,57,58,45,44,58,139,298,522,480,345,135,101,129,48,61,42,32,52,90,62,59,52,45,191,305,472,561,521,494,613,447,432,403,419,441,427,390,282,206,106,80,40,53,34,26,26,43,39,38,28,30,34,26,42,238,212,180,120,174,151,97,49,123,43,111,25,98,80,81,37,99,83,41,67,107,78,49,34,49,41
30,77,47,52,43,36,19,30,26,45,24,19,34,41,44,60,38,32,39,32,64,34,52,35,40,29,38,34,44,34,34,62,45,53,43,42,36,40,44,48,63,47,36,40,53,80,120,145,122,64,58,41,67,50,178,358,459,477,407,533,504,554,516,433,528,342,422,325,321,243,320,252,199,125,55,60,68,26,44,38,45,32,44,54,32,357,477,379,324,242,242,200,138,93,52,62,31,47,52,44,190,370,488,429,174,136,107,35,59,20,58,84,51,54,44,109,357,393,420,524,449,424,396,490,414,408,403,335,247,307,209,96,78,61,69,37,44,32,47,30,66,50,47,54,65,117,216,176,195,188,191,101,126,137,161,102,99,109,54,116,133,120,49,102,62,47,86,97,32,71,55,73
34,19,30,46,25,16,36,22,25,18,21,56,16,33,28,46,32,34,25,29,19,39,40,45,39,50,56,50,34,63,51,48,24,41,34,34,43,30,65,138,70,64,47,74,57,64,49,63,95,339,510,801,566,660,552,494,408,358,446,468,364,263,240,204,215,123,46,43,34,44,29,15,25,19,23,26,39,192,281,279,165,139,168,155,97,72,47,38,56,48,69,215,457,372,365,143,118,111,90,52,40,50,47,40,87,67,45,64,63,208,298,418,528,503,516,518,562,494,465,448,480,397,320,293,172,104,50,48,92,46,68,41,60,45,45,44,29,39,60,42,64,56,184,243,210,209,183,168,136,149,92,205,107,139,150,150,126,169,151,147,89,99,96,90,65,113,98,95,50,51,57,60
